"PotID","Week.dates","measurement.week","Treatment","Season","respiration.measurement.date","seasonal.respiration","CO2flux","CH4flux","mgCH4","averageTemp","MeanSoilMoisture","MEANpH","meanGCC","canopyheight","EvapotranspirationRate","graminoid.cover","shrub.cover","forb.cover","bryophyte.cover","Cover","DiffHeight","HeightPercentChange","DiffGCC","GCCpercentChange","DiffCover","CoverPercentChange"
1,"May 13  - May 21",-2,"Extended","Summer","24-Jun",NA,NA,NA,NA,10,5.85,7.45,0.307899514,NA,1.4,0.08,0.03,0.03,0.17,0.31,NA,NA,NA,NA,NA,NA
1,"May 21  - May 28",-1,"Extended","Summer","24-Jun",NA,NA,NA,NA,10,4.7,7.55,0.312768574,NA,1.4,0.1,0.08,0.05,0.18,0.41,NA,NA,0.00486906000000004,1.58137956658159,0.1,32.258064516129
1,"May 28 - June 4",0,"Extended","Summer","24-Jun",NA,NA,NA,NA,10,7.5,7.3,0.320288652,NA,1.8,0.12,0.18,0.1,0.2,0.6,NA,NA,0.00752007799999999,2.40435856576818,0.19,46.3414634146341
1,"June 4 - June 11",1,"Extended","Summer","24-Jun",NA,NA,NA,NA,10,8.9,7.05,0.326933146,10.3,1.6,0.2,0.2,0.12,0.2,0.72,NA,NA,0.006644494,2.07453306837733,0.12,20
1,"June 11 - June 18",2,"Extended","Summer","24-Jun",NA,NA,NA,NA,10,8.05,7.3,0.331982877,18.6,1.2,0.22,0.22,0.13,0.12,0.69,8.3,80.5825242718447,0.005049731,1.5445760277852,-0.03,-4.16666666666667
1,"June 18 - June 25",3,"Extended","Summer","24-Jun",NA,2.338807989,8.51e-09,1.18e-05,10,10,6.65,0.336344052,19,1.6,0.25,0.23,0.15,0.1,0.73,0.399999999999999,2.15053763440859,0.004361175,1.31367468087819,0.04,5.79710144927537
1,"June 25 - July 2",4,"Extended","Summer","24-Jun",NA,NA,NA,NA,10,9.55,7.05,0.340186078,19.1,1.4,0.27,0.25,0.2,0.08,0.8,0.100000000000001,0.526315789473692,0.003842026,1.14229045441838,0.0700000000000001,9.58904109589042
1,"July 2 - July 10",5,"Extended","Heatwave","11-Jul",NA,NA,NA,NA,10,8.95,7.15,0.347070773,18.6,1.4,0.27,0.2,0.25,0.05,0.77,-0.5,-2.61780104712042,0.006884695,2.02380269071446,-0.03,-3.75
1,"July 10 - July 16",6,"Extended","Heatwave","11-Jul",NA,2.434588052,-1.57e-08,-2.17e-05,10,9.8,6.95,0.359258773,19.1,1.4,0.32,0.18,0.28,0.02,0.8,0.5,2.68817204301075,0.012188,3.51167570079431,0.03,3.8961038961039
1,"July 16 -  July 23",7,"Extended","Autumn warm","24-Jul",NA,NA,NA,NA,10,9.5,6.7,0.359186527,18.6,0.6,0.35,0.15,0.32,0.01,0.83,-0.5,-2.61780104712042,-7.2245999999998e-05,-0.0201097385588404,0.0299999999999999,3.74999999999999
1,"July 23 - July 30",8,"Extended","Autumn warm","24-Jul",NA,1.281279722,-6.95e-09,-9.63e-06,10,10,6.8,0.364941043,18.4,0.6,0.37,0.12,0.35,0.01,0.85,-0.200000000000003,-1.07526881720432,0.00575451600000004,1.60209684034169,0.02,2.40963855421687
1,"July 30 - August 6",9,"Extended","Autumn warm","07-Aug",NA,NA,NA,NA,10,9.65,6.95,0.366340789,18.1,1.2,0.4,0.1,0.38,0.01,0.89,-0.299999999999997,-1.63043478260868,0.00139974599999998,0.383554008749841,0.04,4.70588235294118
1,"August 6 - August 13",10,"Extended","Autumn cold","07-Aug",NA,2.219362821,-5.72e-08,-7.93e-05,2.5,9.15,7.25,0.364778065,18.5,1,0.42,0.05,0.4,0.01,0.88,0.399999999999999,2.20994475138121,-0.00156272400000002,-0.426576577581159,-0.01,-1.12359550561798
1,"August 13 - August 20",11,"Extended","Autumn cold","21-Aug",NA,NA,NA,NA,0.5,9.55,7,0.362021191,17.4,1,0.42,0.05,0.4,0.01,0.88,-1.1,-5.94594594594595,-0.00275687399999996,-0.755767482894007,0,0
1,"August 20 - August 27",12,"Extended","Autumn cold","21-Aug",NA,0.8295137,-5.86e-08,-8.12e-05,-1.5,8.95,6.95,0.352274157,16.6,NA,0.42,0.05,0.4,0.05,0.92,-0.799999999999997,-4.59770114942527,-0.00974703400000004,-2.69239321960024,0.04,4.54545454545455
2,"May 13  - May 21",1,"Heatwave","Summer","11-Jun",NA,NA,NA,NA,10,3.95,7.8,0.30662013,NA,1.6,0.02,0,0.05,0.08,0.15,NA,NA,NA,NA,NA,NA
2,"May 21  - May 28",2,"Heatwave","Summer","11-Jun",NA,NA,NA,NA,10,4.85,7.4,0.313889012,NA,1.4,0.03,0,0.11,0.1,0.24,NA,NA,0.00726888200000003,2.3706473544317,0.09,60
2,"May 28 - June 4",3,"Heatwave","Summer","11-Jun",NA,NA,NA,NA,10,4.65,7.6,0.315456016,NA,1.6,0.05,0.05,0.2,0.05,0.35,NA,NA,0.00156700399999998,0.499222317473153,0.11,45.8333333333333
2,"June 4 - June 11",4,"Heatwave","Summer","11-Jun",NA,0.98238772,-1.32e-07,-0.000183,10,6.45,7.2,0.31849024,19.4,1.4,0.08,0.07,0.23,0.08,0.46,NA,NA,0.00303422399999997,0.961853268317436,0.11,31.4285714285714
2,"June 11 - June 18",5,"Heatwave","Heatwave","24-Jun",NA,NA,NA,NA,16,7.4,7.15,0.319340025,20.6,1.2,0.11,0.09,0.25,0.05,0.5,1.2,6.18556701030929,0.000849785000000047,0.266816653471091,0.04,8.69565217391304
2,"June 18 - June 25",6,"Heatwave","Heatwave","24-Jun",NA,2.559001063,9.35e-09,1.3e-05,16,8.95,7.15,0.328064749,19.4,1.4,0.15,0.12,0.28,0.05,0.6,-1.2,-5.82524271844662,0.00872472399999996,2.73211101552333,0.1,20
2,"June 25 - July 2",7,"Heatwave","Autumn warm","11-Jul",NA,NA,NA,NA,6.625,9.15,7.3,0.339788832,23.6,0.8,0.32,0.15,0.4,0.02,0.89,4.2,21.6494845360825,0.011724083,3.57371007879911,0.29,48.3333333333333
2,"July 2 - July 10",8,"Heatwave","Autumn warm","11-Jul",NA,NA,NA,NA,6.625,9.15,6.85,0.337584115,26.1,1.4,0.4,0.12,0.43,0.01,0.96,2.5,10.593220338983,-0.00220471699999997,-0.648849165236828,0.07,7.86516853932584
2,"July 10 - July 16",9,"Heatwave","Autumn warm","11-Jul",NA,1.439294465,-4.3e-08,-5.96e-05,4.75,9.5,6.8,0.341874224,26.3,1,0.45,0.15,0.45,0.01,1.06,0.199999999999999,0.766283524904212,0.00429010899999999,1.27082667974469,0.1,10.4166666666667
2,"July 16 - July 23",10,"Heatwave","Autumn cold","24-Jul",NA,NA,NA,NA,2.5,9.35,6.5,0.335402525,27.2,1,0.47,0.14,0.45,0.01,1.07,0.899999999999999,3.42205323193916,-0.006471699,-1.89300583246077,0.01,0.943396226415095
2,"July 23 - July 30",11,"Heatwave","Autumn cold","24-Jul",NA,0.927285025,-7.14e-09,-9.9e-06,0.5,9.9,7,0.33321251,26.2,1,0.45,0.16,0.47,0.02,1.1,-1,-3.67647058823529,-0.00219001499999999,-0.652951256106372,0.03,2.80373831775701
2,"July 30 - August 6",12,"Heatwave","Autumn cold","24-Jul",NA,NA,NA,NA,-1.5,8.15,7.45,0.331862986,25.7,NA,0.42,0.16,0.47,0.02,1.07,-0.5,-1.90839694656489,-0.00134952399999999,-0.40500400180053,-0.03,-2.72727272727273
3,"May 13  - May 21",1,"Heatwave","Summer","11-Jun",NA,NA,NA,NA,10,5.65,7.4,0.306178681,NA,1.6,0,0,0,0.05,0.05,NA,NA,NA,NA,NA,NA
3,"May 21  - May 28",2,"Heatwave","Summer","11-Jun",NA,NA,NA,NA,10,5,7.75,0.314025335,NA,1.4,0,0.01,0,0.07,0.08,NA,NA,0.00784665400000001,2.56276954828217,0.03,60
3,"May 28 - June 4",3,"Heatwave","Summer","11-Jun",NA,NA,NA,NA,10,5.2,7.8,0.315539664,NA,1.6,0.01,0.05,0.02,0.08,0.16,NA,NA,0.00151432899999998,0.482231473457382,0.08,100
3,"June 4 - June 11",4,"Heatwave","Summer","11-Jun",NA,0.693681922,-1.96e-07,-0.000271,10,7.7,7.2,0.315740039,8.6,1.4,0.02,0.07,0.03,0.08,0.2,NA,NA,0.000200374999999975,0.0635023177307988,0.04,25
3,"June 11 - June 18",5,"Heatwave","Heatwave","24-Jun",NA,NA,NA,NA,16,8.9,7.1,0.31803988,10.1,1.6,0.03,0.1,0.03,0.08,0.24,1.5,17.4418604651163,0.00229984100000002,0.728397008907706,0.04,20
3,"June 18 - June 25",6,"Heatwave","Heatwave","24-Jun",NA,2.002776328,-1.75e-08,-2.43e-05,16,8.9,6.95,0.323033142,11,1.2,0.05,0.15,0.06,0.08,0.34,0.9,8.91089108910892,0.004993262,1.57001128286176,0.1,41.6666666666667
3,"June 25 - July 2",7,"Heatwave","Autumn warm","11-Jul",NA,NA,NA,NA,6.625,9.15,7.2,0.328654967,15.8,0.4,0.1,0.18,0.1,0.06,0.44,4.8,43.6363636363636,0.00562182500000002,1.74032452682518,0.1,29.4117647058823
3,"July 2 - July 10",8,"Heatwave","Autumn warm","11-Jul",NA,NA,NA,NA,6.625,8.95,6.95,0.337584115,17.5,1.6,0.2,0.18,0.11,0.05,0.54,1.7,10.7594936708861,0.008929148,2.7168760239671,0.1,22.7272727272727
3,"July 10 - July 16",9,"Heatwave","Autumn warm","11-Jul",NA,1.186136239,-1.08e-07,-0.000149,4.75,9.7,7.2,0.32594324,19.1,1,0.22,0.2,0.12,0.04,0.58,1.6,9.14285714285715,-0.011640875,-3.44828873242451,0.0399999999999999,7.40740740740739
3,"July 16 - July 23",10,"Heatwave","Autumn cold","24-Jul",NA,NA,NA,NA,2.5,9.05,7,0.319896876,19.2,1,0.2,0.2,0.12,0.04,0.56,0.0999999999999979,0.523560209424073,-0.00604636400000003,-1.8550358645266,-0.0199999999999999,-3.44827586206895
3,"July 23 - July 30",11,"Heatwave","Autumn cold","24-Jul",NA,0.896214491,-2.51e-08,-3.48e-05,0.5,9.5,7,0.318811487,18.6,1,0.18,0.2,0.12,0.04,0.54,-0.599999999999998,-3.12499999999999,-0.00108538899999999,-0.339293404040617,-0.02,-3.57142857142857
3,"July 30 - August 6",12,"Heatwave","Autumn cold","24-Jul",NA,NA,NA,NA,-1.5,9.2,7.45,0.315123476,18.6,NA,0.15,0.2,0.12,0.04,0.51,0,0,-0.00368801099999999,-1.15679991166692,-0.03,-5.55555555555556
4,"May 13 2025 - May 21 2025",1,"Control","Summer","24-Jun",NA,NA,NA,NA,10,5.8,7.4,0.305852916,NA,1,0.03,0.01,0,0.02,0.06,NA,NA,NA,NA,NA,NA
4,"May 21 2025 - May 28 2025",2,"Control","Summer","24-Jun",NA,NA,NA,NA,10,6.85,7.4,0.309100467,NA,1.2,0.05,0.02,0,0.03,0.1,NA,NA,0.00324755100000002,1.06180154908185,0.04,66.6666666666667
4,"May 28 - June 4",3,"Control","Summer","24-Jun",NA,NA,NA,NA,10,6.95,7.6,0.316207984,NA,1.4,0.1,0.15,0,0.02,0.27,NA,NA,0.00710751700000001,2.29941968997414,0.17,170
4,"June 4 - June 11",4,"Control","Summer","24-Jun",NA,NA,NA,NA,10,9,7,0.322358611,16.8,1.6,0.12,0.2,0,0.01,0.33,NA,NA,0.00615062700000002,1.94512071523154,0.06,22.2222222222222
4,"June 11 - June 18",5,"Control","Heatwave","24-Jun",NA,NA,NA,NA,10,8.25,7,0.328690208,21.8,1.4,0.15,0.23,0,0.01,0.39,5,29.7619047619048,0.00633159699999997,1.96414700397129,0.06,18.1818181818182
4,"June 18 - June 25",6,"Control","Heatwave","24-Jun",NA,2.090546206,-1.67e-08,-2.31e-05,10,7.55,7,0.332499697,24,1.8,0.18,0.25,0,0.01,0.44,2.2,10.0917431192661,0.003809489,1.15899071748435,0.05,12.8205128205128
4,"June 25 - July 2",7,"Control","Autumn warm","11-Jul",NA,NA,NA,NA,6.625,9.1,7,0.336348407,24.8,1,0.25,0.25,0,0.28,0.78,0.800000000000001,3.33333333333334,0.00384871000000003,1.15750782172894,0.34,77.2727272727273
4,"July 2 - July 10",8,"Control","Autumn warm","11-Jul",NA,NA,NA,NA,6.625,8.65,6.95,0.340751919,25.4,2,0.27,0.25,0,0.01,0.53,0.599999999999998,2.41935483870967,0.004403512,1.30921149271267,-0.25,-32.051282051282
4,"July 10 - July 16",9,"Control","Autumn warm","11-Jul",NA,1.655950391,-3.36e-08,-4.65e-05,4.75,8.2,7,0.342697166,25.1,1,0.3,0.25,0,0.01,0.56,-0.299999999999997,-1.18110236220471,0.00194524699999998,0.57086897873053,0.03,5.66037735849057
4,"July 16 -  July 23",10,"Control","Autumn cold","24-Jul",NA,NA,NA,NA,2.5,NA,NA,0.338965089,25.1,1,0.35,0.25,0,0.01,0.61,0,0,-0.003732077,-1.08903059910335,0.0499999999999999,8.92857142857142
4,"July 23 - July 30",11,"Control","Autumn cold","24-Jul",NA,1.440285163,1.85e-10,2.57e-07,0.5,8.9,7.1,0.334461805,25.1,1,0.35,0.25,0,0.01,0.61,0,0,-0.004503284,-1.32853917590316,0,0
4,"July 30 - August 6",12,"Control","Autumn cold","24-Jul",NA,NA,NA,NA,-1.5,8.5,6.95,0.325066516,24.7,NA,0.32,0.25,0,0.01,0.58,-0.400000000000002,-1.59362549800798,-0.00939528899999997,-2.80907680923386,-0.03,-4.91803278688525
5,"May 13 2025 - May 21 2025",1,"Control","Summer","24-Jun",NA,NA,NA,NA,10,5.1,7.5,0.304458565,NA,1.4,0,0.03,0,0.04,0.07,NA,NA,NA,NA,NA,NA
5,"May 21 2025 - May 28 2025",2,"Control","Summer","24-Jun",NA,NA,NA,NA,10,7.1,7.4,0.309872221,NA,1.2,0.01,0.05,0.03,0.04,0.13,NA,NA,0.00541365599999999,1.77812570324635,0.06,85.7142857142857
5,"May 28 - June 4",3,"Control","Summer","24-Jun",NA,NA,NA,NA,10,6.9,7.6,0.312188498,NA,1.6,0.02,0.08,0.05,0.03,0.18,NA,NA,0.00231627699999998,0.74749423892372,0.05,38.4615384615385
5,"June 4 - June 11",4,"Control","Summer","24-Jun",NA,NA,NA,NA,10,8.65,7.25,0.316741868,4.2,1.8,0.03,0.18,0.1,0.03,0.34,NA,NA,0.00455337,1.45853227430563,0.16,88.8888888888889
5,"June 11 - June 18",5,"Control","Heatwave","24-Jun",NA,NA,NA,NA,10,9.4,7.15,0.321237073,13.7,1.2,0.06,0.22,0.12,0.02,0.42,9.5,226.190476190476,0.004495205,1.41920139209383,0.08,23.5294117647059
5,"June 18 - June 25",6,"Control","Heatwave","24-Jun",NA,1.514392908,-2.52e-08,-3.49e-05,10,9.6,6.9,0.320675949,15.6,1.6,0.06,0.25,0.12,0.02,0.45,1.9,13.8686131386861,-0.000561123999999968,-0.174675978323326,0.03,7.14285714285715
5,"June 25 - July 2",7,"Control","Autumn warm","11-Jul",NA,NA,NA,NA,6.625,9.3,7.05,0.323854084,16.3,0.8,0.08,0.27,0.12,0.02,0.49,0.700000000000001,4.48717948717949,0.00317813499999997,0.991073702256346,0.04,8.88888888888888
5,"July 2 - July 10",8,"Control","Autumn warm","11-Jul",NA,NA,NA,NA,6.625,9.95,6.95,0.322795861,18.5,1.4,0.09,0.27,0.12,0.02,0.5,2.2,13.4969325153374,-0.00105822299999997,-0.326759195662936,0.01,2.04081632653061
5,"July 10 - July 16",9,"Control","Autumn warm","11-Jul",NA,1.114268832,-4.61e-08,-6.39e-05,4.75,9.95,6.95,0.323790698,18.9,0.8,0.1,0.28,0.12,0.01,0.51,0.399999999999999,2.16216216216215,0.000994836999999971,0.308193852584736,0.01,2
5,"July 16 - July 23",10,"Control","Autumn cold","24-Jul",NA,NA,NA,NA,2.5,10,6.75,0.320056534,18.6,1,0.11,0.29,0.11,0.01,0.52,-0.299999999999997,-1.58730158730157,-0.00373416399999998,-1.15326475499923,0.01,1.96078431372549
5,"July 23 - July 30",11,"Control","Autumn cold","24-Jul",NA,0.849082034,9.15e-09,1.27e-05,0.5,9.65,7.15,0.318578292,19.1,1,0.11,0.29,0.11,0.01,0.52,0.5,2.68817204301075,-0.00147824200000002,-0.461869027176311,0,0
5,"July 30 - August 6",12,"Control","Autumn cold","24-Jul",NA,NA,NA,NA,-1.5,9.45,7.1,0.316305916,18.7,NA,0.1,0.29,0.08,0.01,0.48,-0.400000000000002,-2.09424083769635,-0.00227237599999996,-0.713286516081882,-0.04,-7.6923076923077
6,"May 13 2025 - May 21 2025",-2,"Extended","Summer","11-Jun",NA,NA,NA,NA,10,5.6,7.65,0.307028732,NA,1.6,0,0.02,0.01,0.05,0.08,NA,NA,NA,NA,NA,NA
6,"May 21 2025 - May 28 2025",-1,"Extended","Summer","11-Jun",NA,NA,NA,NA,10,6.45,7.5,0.312113147,NA,1.4,0.01,0.05,0.03,0.08,0.17,NA,NA,0.00508441499999995,1.65600625286104,0.09,112.5
6,"May 28 - June 4",0,"Extended","Summer","11-Jun",NA,NA,NA,NA,10,8.2,7.5,0.316574328,NA,1.4,0.05,0.1,0.08,0.08,0.31,NA,NA,0.00446118100000004,1.42934735139499,0.14,82.3529411764706
6,"June 4 - June 11",1,"Extended","Summer","11-Jun",NA,0.131653451,-4.66e-07,-0.000646,10,8.05,7.3,0.319450802,6.1,1.4,0.1,0.15,0.1,0.08,0.43,NA,NA,0.00287647399999996,0.908625161797694,0.12,38.7096774193548
6,"June 11 - June 18",2,"Extended","Summer","24-Jun",NA,NA,NA,NA,10,8.75,7.3,0.322765119,11.8,1.6,0.15,0.18,0.12,0.05,0.5,5.7,93.4426229508197,0.00331431700000001,1.03750467341134,0.07,16.2790697674419
6,"June 18 - June 25",3,"Extended","Summer","24-Jun",NA,1.730960434,-6.62e-08,-9.17e-05,10,8.7,6.95,0.323781592,12.8,1.6,0.2,0.2,0.15,0.05,0.6,1,8.47457627118644,0.00101647300000002,0.314926533309821,0.1,20
6,"June 25 - July 2",4,"Extended","Summer","24-Jun",NA,NA,NA,NA,10,9.6,7.05,0.326203841,14.8,1.4,0.22,0.21,0.17,0.05,0.65,2,15.625,0.00242224899999999,0.748112017436738,0.05,8.33333333333334
6,"July 2 - July 10",5,"Extended","Heatwave","11-Jul",NA,NA,NA,NA,10,8.45,7.2,0.3331619,15.4,1,0.25,0.23,0.2,0.02,0.7,0.6,4.05405405405405,0.00695805900000002,2.13304018084815,0.0499999999999999,7.69230769230768
6,"July 10 - July 16",6,"Extended","Heatwave","11-Jul",NA,2.30280469,1.6e-08,2.22e-05,10,9.55,7.05,0.338585893,16.2,1.2,0.27,0.23,0.22,0.02,0.74,0.799999999999999,5.19480519480519,0.00542399300000002,1.62803519850259,0.04,5.71428571428572
6,"July 16 - July 23",7,"Extended","Autumn warm","24-Jul",NA,NA,NA,NA,10,9.2,6.6,0.337549918,15.9,0.6,0.28,0.2,0.23,0.01,0.72,-0.299999999999999,-1.85185185185185,-0.00103597500000002,-0.3059711055357,-0.02,-2.70270270270271
6,"July 23 - July 30",8,"Extended","Autumn warm","24-Jul",NA,1.60467809,-2.2e-09,-3.05e-06,10,10,6.55,0.344182222,15.9,0.6,0.3,0.18,0.25,0.01,0.74,0,0,0.00663230399999998,1.96483650160448,0.02,2.77777777777778
6,"July 30 - August 6",9,"Extended","Autumn warm","07-Aug",NA,NA,NA,NA,10,9.7,6.9,0.342055031,15.7,1,0.25,0.16,0.27,0,0.68,-0.200000000000001,-1.25786163522013,-0.00212719099999997,-0.61804209050634,-0.0599999999999999,-8.1081081081081
6,"August 6 - August 13",10,"Extended","Autumn cold","07-Aug",NA,1.090188356,-1.11e-08,-1.54e-05,2.5,9.9,7.1,0.337443025,16.7,1.4,0.23,0.12,0.28,0,0.63,1,6.36942675159236,-0.004612006,-1.34832280832613,-0.05,-7.35294117647059
6,"August 13 - August 20",11,"Extended","Autumn cold","21-Aug",NA,NA,NA,NA,0.5,9.05,7,0.336623035,16.4,1.4,0.23,0.16,0.28,0,0.67,-0.300000000000001,-1.79640718562875,-0.000819989999999993,-0.243001022172556,0.04,6.34920634920635
6,"August 20 - August 27",12,"Extended","Autumn cold","21-Aug",NA,0.563511274,1.85e-08,2.56e-05,-1.5,8.3,7.15,0.328969006,14,NA,0.1,0.16,0.28,0,0.54,-2.4,-14.6341463414634,-0.00765402900000001,-2.27376863856034,-0.13,-19.4029850746269
7,"May 13 2025 - May 21 2025",-2,"Extended","Summer","11-Jun",NA,NA,NA,NA,10,5.6,7.4,0.308340725,NA,1.4,0.08,0,0,0.03,0.11,NA,NA,NA,NA,NA,NA
7,"May 21 2025 - May 28 2025",-1,"Extended","Summer","11-Jun",NA,NA,NA,NA,10,6.4,7.25,0.313810699,NA,1.4,0.16,0.02,0,0.02,0.2,NA,NA,0.00546997400000004,1.77400309349342,0.09,81.8181818181818
7,"May 28 - June 4",0,"Extended","Summer","11-Jun",NA,NA,NA,NA,10,7.2,7.45,0.316940019,NA,1.6,0.2,0.05,0,0.01,0.26,NA,NA,0.00312931999999999,0.997199907451209,0.06,30
7,"June 4 - June 11",1,"Extended","Summer","11-Jun",NA,1.430385445,-1.3e-07,-0.000181,10,8.4,7.05,0.323338785,21.2,1.6,0.25,0.08,0,0.03,0.36,NA,NA,0.006398766,2.01892017934157,0.1,38.4615384615385
7,"June 11 - June 18",2,"Extended","Summer","24-Jun",NA,NA,NA,NA,10,7.7,7.1,0.326311135,42.4,1.6,0.45,0.12,0,0.02,0.59,21.2,100,0.00297234999999996,0.919268005537893,0.23,63.8888888888889
7,"June 18 - June 25",3,"Extended","Summer","24-Jun",NA,3.361655897,-4.01e-08,-5.56e-05,10,7.95,6.9,0.331512031,NA,1.8,0.5,0.15,0.01,0.02,0.68,NA,NA,0.00520089600000001,1.5938457018943,0.0900000000000001,15.2542372881356
7,"June 25 - July 2",4,"Extended","Summer","24-Jun",NA,NA,NA,NA,10,8.25,6.9,0.334023546,46.4,1.8,0.55,0.16,0.03,0.02,0.76,NA,NA,0.00251151500000002,0.757593922737609,0.08,11.7647058823529
7,"July 2 - July 10",5,"Extended","Heatwave","11-Jul",NA,NA,NA,NA,10,8.7,6.85,0.338005098,53,2,0.57,0.17,0.03,0.01,0.78,6.6,14.2241379310345,0.003981552,1.19199740487756,0.02,2.63157894736842
7,"July 10 - July 16",6,"Extended","Heatwave","11-Jul",NA,3.663465737,3.87e-08,5.37e-05,10,7.6,7.1,0.346132813,53.2,1.4,0.65,0.18,0.02,0.01,0.86,0.200000000000003,0.377358490566043,0.00812771499999998,2.4046131398882,0.08,10.2564102564103
7,"July 16 -  July 23",7,"Extended","Autumn warm","24-Jul",NA,NA,NA,NA,10,7.1,6.85,0.342887292,52.3,1.6,0.6,0.19,0.01,0.01,0.81,-0.900000000000006,-1.69172932330828,-0.00324552099999997,-0.937651929578827,-0.0499999999999999,-5.81395348837209
7,"July 23 - July 30",8,"Extended","Autumn warm","24-Jul",NA,3.242930768,-8.28e-09,-1.15e-05,10,9.45,7.05,0.345773087,49.7,1.6,0.68,0.19,0,0,0.87,-2.59999999999999,-4.97131931166347,0.00288579499999997,0.841616200812706,0.0599999999999999,7.4074074074074
7,"July 30 - August 6",9,"Extended","Autumn warm","07-Aug",NA,NA,NA,NA,10,4.9,7.45,0.346340537,48.6,1.4,0.75,0.12,0.01,0,0.88,-1.1,-2.21327967806841,0.000567450000000025,0.164110516791038,0.01,1.14942528735632
7,"August 6 - August 13",10,"Extended","Autumn cold","07-Aug",NA,1.948602917,4.97e-09,6.89e-06,2.5,5.4,7.45,0.343846052,49.6,1.2,0.8,0.13,0.02,0,0.95,1,2.05761316872428,-0.00249448499999999,-0.720240553302599,0.07,7.95454545454545
7,"August 13 - August 20",11,"Extended","Autumn cold","21-Aug",NA,NA,NA,NA,0.5,6,7.35,0.341550589,36.9,1,0.8,0.13,0.02,0,0.95,-12.7,-25.6048387096774,-0.002295463,-0.66758451540982,0,0
7,"August 20 - August 27",12,"Extended","Autumn cold","21-Aug",NA,0.607430114,-1.34e-08,-1.86e-05,-1.5,4.5,7.6,0.333092339,40.1,NA,0.8,0.13,0.02,0,0.95,3.2,8.67208672086722,-0.00845825,-2.47642670585469,0,0
8,"May 13 2025 - May 21 2025",-2,"Extended","Summer","24-Jun",NA,NA,NA,NA,10,7,7.4,0.307968806,NA,1.6,0.01,0.03,0,0.11,0.15,NA,NA,NA,NA,NA,NA
8,"May 21 2025 - May 28 2025",-1,"Extended","Summer","24-Jun",NA,NA,NA,NA,10,5.3,7.4,0.314486943,NA,1.4,0.05,0.05,0,0.12,0.22,NA,NA,0.00651813700000003,2.11649260347492,0.07,46.6666666666667
8,"May 28 - June 4",0,"Extended","Summer","24-Jun",NA,NA,NA,NA,10,6.8,7.35,0.318458284,NA,1.6,0.1,0.07,0,0.1,0.27,NA,NA,0.00397134099999996,1.26279996304965,0.05,22.7272727272727
8,"June 4 - June 11",1,"Extended","Summer","24-Jun",NA,NA,NA,NA,10,7.35,7,0.322683911,22.5,1.8,0.2,0.18,0.01,0.08,0.47,NA,NA,0.00422562700000001,1.32690126534752,0.2,74.074074074074
8,"June 11 - June 18",2,"Extended","Summer","24-Jun",NA,NA,NA,NA,10,9.15,7.05,0.327453281,29.7,1.6,0.25,0.2,0.03,0.07,0.55,7.2,32,0.00476937,1.47803154648141,0.0800000000000001,17.0212765957447
8,"June 18 - June 25",3,"Extended","Summer","24-Jun",NA,1.413891423,-1.75e-09,-2.43e-06,10,7.5,7,0.328703917,46.7,1.6,0.35,0.22,0.07,0.05,0.69,17,57.2390572390573,0.00125063600000003,0.381928071137582,0.14,25.4545454545454
8,"June 25 - July 2",4,"Extended","Summer","24-Jun",NA,NA,NA,NA,10,8.25,7.2,0.331920765,39.7,1.6,0.45,0.22,0.1,0.04,0.81,-7,-14.9892933618844,0.00321684799999999,0.978646080448136,0.12,17.3913043478261
8,"July 2 - July 10",5,"Extended","Heatwave","11-Jul",NA,NA,NA,NA,10,7.65,7.2,0.344953764,40.3,1.6,0.6,0.18,0.13,0.03,0.94,0.599999999999994,1.51133501259444,0.013032999,3.92653921486352,0.13,16.0493827160494
8,"July 10 - July 16",6,"Extended","Heatwave","11-Jul",NA,2.516545038,-1.82e-08,-2.52e-05,10,8.15,6.9,0.352657121,41.1,1.4,0.7,0.1,0.15,0.02,0.97,0.800000000000004,1.98511166253103,0.00770335700000002,2.23315638324214,0.03,3.19148936170213
8,"July 16 - July 23",7,"Extended","Autumn warm","24-Jul",NA,NA,NA,NA,10,8.9,6.8,0.35645522,41.1,0.6,0.75,0.08,0.1,0.01,0.94,0,0,0.003798099,1.07699484111651,-0.03,-3.09278350515464
8,"July 23 - July 30",8,"Extended","Autumn warm","24-Jul",NA,1.682318783,-3.25e-08,-4.5e-05,10,10,6.5,0.364375017,40.9,0.6,0.8,0.03,0.1,0.01,0.94,-0.200000000000003,-0.486618004866187,0.00791979700000001,2.22182101864016,0,0
8,"July 30 - August 6",9,"Extended","Autumn warm","07-Aug",NA,NA,NA,NA,10,9.3,7,0.368294171,29.1,1.2,0.85,0.02,0.1,0.01,0.98,-11.8,-28.8508557457213,0.00391915399999998,1.07558252271724,0.04,4.25531914893617
8,"August 6 - August 13",10,"Extended","Autumn cold","07-Aug",NA,1.599779465,-3.86e-08,-5.35e-05,2.5,9,7.25,0.370019894,29.2,1.2,0.85,0.02,0.08,0.01,0.96,0.0999999999999979,0.343642611683841,0.00172572300000001,0.468571901454289,-0.02,-2.04081632653061
8,"August 13 - August 20",11,"Extended","Autumn cold","21-Aug",NA,NA,NA,NA,0.5,9.55,7.05,0.368380852,27.7,0.8,0.85,0.02,0.08,0.01,0.96,-1.5,-5.13698630136986,-0.00163904200000003,-0.442960507415322,0,0
8,"August 20 - August 27",12,"Extended","Autumn cold","21-Aug",NA,0.968469101,8.52e-09,1.18e-05,-1.5,7.85,7.2,0.354750395,29,NA,0.8,0.01,0.05,0.01,0.87,1.3,4.69314079422383,-0.013630457,-3.70009921145412,-0.09,-9.375
9,"May 13 2025 - May 21 2025",1,"Control","Summer","24-Jun",NA,NA,NA,NA,10,3.6,7.65,0.305527147,NA,1.6,0.01,0,0.01,0.01,0.03,NA,NA,NA,NA,NA,NA
9,"May 21 2025 - May 28 2025",2,"Control","Summer","24-Jun",NA,NA,NA,NA,10,5.25,7.45,0.311103419,NA,1.4,0.03,0.01,0.06,0.02,0.12,NA,NA,0.00557627199999999,1.82513143422898,0.09,300
9,"May 28 - June 4",3,"Control","Summer","24-Jun",NA,NA,NA,NA,10,4.8,7.65,0.312749024,NA,1.6,0.04,0.03,0.08,0.03,0.18,NA,NA,0.00164560499999999,0.528957542572039,0.06,50
9,"June 4 - June 11",4,"Control","Summer","24-Jun",NA,NA,NA,NA,10,7.45,7.25,0.315431656,5.7,1.6,0.08,0.06,0.12,0.01,0.27,NA,NA,0.00268263200000002,0.857758711982429,0.09,50
9,"June 11 - June 18",5,"Control","Heatwave","24-Jun",NA,NA,NA,NA,10,7.3,7.05,0.317249472,6.2,1.6,0.1,0.08,0.15,0.01,0.34,0.5,8.7719298245614,0.00181781599999997,0.576294726741051,0.07,25.9259259259259
9,"June 18 - June 25",6,"Control","Heatwave","24-Jun",NA,1.413053126,4.77e-08,6.61e-05,10,7.5,7.2,0.319605794,7.2,1.6,0.15,0.09,0.2,0.01,0.45,1,16.1290322580645,0.00235632200000002,0.742734727073091,0.11,32.3529411764706
9,"June 25 - July 2",7,"Control","Autumn warm","11-Jul",NA,NA,NA,NA,6.625,9.3,7.25,0.323335594,10.5,0.8,0.18,0.12,0.22,0.01,0.53,3.3,45.8333333333333,0.00372980000000001,1.16700012015427,0.08,17.7777777777778
9,"July 2 - July 10",8,"Control","Autumn warm","11-Jul",NA,NA,NA,NA,6.625,9.4,7.35,0.323080556,11.2,1.6,0.28,0.12,0.22,0.01,0.63,0.699999999999999,6.66666666666666,-0.000255037999999985,-0.0788771804690285,0.1,18.8679245283019
9,"July 10 - July 16",9,"Control","Autumn warm","11-Jul",NA,1.226803153,-5.52e-08,-7.65e-05,4.75,9,7.25,0.352657121,11.3,0.8,0.32,0.12,0.25,0.01,0.7,0.100000000000001,0.892857142857156,0.029576565,9.1545481307145,0.07,11.1111111111111
9,"July 16 - July 23",10,"Control","Autumn cold","24-Jul",NA,NA,NA,NA,2.5,9,6.9,0.322501925,11.8,1,0.35,0.1,0.25,0.01,0.71,0.5,4.42477876106195,-0.030155196,-8.55085413120015,0.01,1.42857142857143
9,"July 23 - July 30",11,"Control","Autumn cold","24-Jul",NA,0.996856085,1.64e-08,2.27e-05,0.5,9.45,7.05,0.323664046,11.6,1,0.35,0.1,0.25,0.01,0.71,-0.200000000000001,-1.6949152542373,0.00116212099999996,0.360345446000039,0,0
9,"July 30 - August 6",12,"Control","Autumn cold","24-Jul",NA,NA,NA,NA,-1.5,8.6,7.2,0.31959723,11.4,NA,0.3,0.08,0.25,0.01,0.64,-0.199999999999999,-1.72413793103448,-0.00406681599999997,-1.25649297481747,-0.07,-9.85915492957746
10,"May 13 2025 - May 21 2025",-2,"Extended","Summer","24-Jun",NA,NA,NA,NA,10,2.65,7.7,0.304566901,NA,1.8,0,0.03,0,0.03,0.06,NA,NA,NA,NA,NA,NA
10,"May 21 2025 - May 28 2025",-1,"Extended","Summer","24-Jun",NA,NA,NA,NA,10,5.3,7.5,0.309940538,NA,1.4,0,0.07,0.04,0.05,0.16,NA,NA,0.00537363699999999,1.76435357301022,0.1,166.666666666667
10,"May 28 - June 4",0,"Extended","Summer","24-Jun",NA,NA,NA,NA,10,4.15,7.8,0.315496422,NA,1.6,0.02,0.15,0.08,0.06,0.31,NA,NA,0.00555588400000001,1.79256448215884,0.15,93.75
10,"June 4 - June 11",1,"Extended","Summer","24-Jun",NA,NA,NA,NA,10,7.95,7.4,0.316267606,4.5,1.6,0.05,0.2,0.12,0.07,0.44,NA,NA,0.00077118399999998,0.24443510170774,0.13,41.9354838709677
10,"June 11 - June 18",2,"Extended","Summer","24-Jun",NA,NA,NA,NA,10,7.95,7.1,0.318261978,9.1,1.6,0.07,0.21,0.14,0.07,0.49,4.6,102.222222222222,0.00199437200000002,0.63059635642862,0.05,11.3636363636364
10,"June 18 - June 25",3,"Extended","Summer","24-Jun",NA,1.239449714,1.58e-08,2.19e-05,10,6.85,7.05,0.318746807,13,1.8,0.09,0.2,0.15,0.07,0.51,3.9,42.8571428571429,0.00048482900000002,0.152336450318932,0.02,4.08163265306123
10,"June 25 - July 2",4,"Extended","Summer","24-Jun",NA,NA,NA,NA,10,8.45,7.5,0.322312083,13.1,1.6,0.08,0.12,0.2,0.05,0.45,0.0999999999999996,0.769230769230766,0.00356527600000001,1.11852916537608,-0.06,-11.7647058823529
10,"July 2 - July 10",5,"Extended","Heatwave","11-Jul",NA,NA,NA,NA,10,8.1,7,0.330183526,16,1.8,0.1,0.08,0.25,0.03,0.46,2.9,22.1374045801527,0.00787144299999998,2.44218054958864,0.01,2.22222222222222
10,"July 10 - July 16",6,"Extended","Heatwave","11-Jul",NA,1.906209555,-4.54e-08,-6.29e-05,10,8.15,7.65,0.332302981,26,1.4,0.12,0.05,0.28,0.02,0.47,10,62.5,0.00211945499999999,0.641902103862078,0.00999999999999995,2.17391304347825
10,"July 16 -  July 23",7,"Extended","Autumn warm","24-Jul",NA,NA,NA,NA,10,8.7,6.65,0.333989681,27.7,1.6,0.18,0.05,0.29,0.01,0.53,1.7,6.53846153846154,0.00168669999999999,0.507578955483395,0.06,12.7659574468085
10,"July 23 - July 30",8,"Extended","Autumn warm","24-Jul",NA,1.511597975,1.95e-09,2.71e-06,10,9,6.9,0.337685564,30.7,1.6,0.21,0.05,0.31,0.01,0.58,3,10.8303249097473,0.00369588300000001,1.1065859846131,0.0499999999999999,9.43396226415093
10,"July 30 - August 6",9,"Extended","Autumn warm","07-Aug",NA,NA,NA,NA,10,6.9,7.1,0.345540651,30.2,1,0.25,0.05,0.35,0.01,0.66,-0.5,-1.62866449511401,0.00785508699999998,2.32615422079458,0.0800000000000001,13.7931034482759
10,"August 6 - August 13",10,"Extended","Autumn cold","07-Aug",NA,1.600802025,-2.67e-08,-3.7e-05,2.5,7.5,7.4,0.348646541,31.1,0.8,0.28,0.05,0.4,0.01,0.74,0.900000000000002,2.98013245033113,0.00310589,0.898849380242674,0.08,12.1212121212121
10,"August 13 - August 20",11,"Extended","Autumn cold","21-Aug",NA,NA,NA,NA,0.5,8.05,7.05,0.348043263,31.1,1,0.29,0.05,0.41,0.01,0.76,0,0,-0.000603277999999985,-0.173034270831898,0.02,2.70270270270271
10,"August 20 - August 27",12,"Extended","Autumn cold","21-Aug",NA,0.493529233,-9.53e-10,-1.32e-06,-1.5,6.1,7.25,0.341765185,31,NA,0.28,0.05,0.4,0.01,0.74,-0.100000000000001,-0.321543408360133,-0.00627807799999996,-1.80382115311911,-0.02,-2.63157894736842
11,"May 13 2025 - May 21 2025",1,"Heatwave","Summer","11-Jun",NA,NA,NA,NA,10,6,7.4,0.303383716,NA,1.4,0.01,0,0,0,0.01,NA,NA,NA,NA,NA,NA
11,"May 21 2025 - May 28 2025",2,"Heatwave","Summer","11-Jun",NA,NA,NA,NA,10,4.7,7.5,0.307990121,NA,1.4,0.03,0.02,0,0,0.05,NA,NA,0.00460640499999998,1.518342863201,0.04,400
11,"May 28 - June 4",3,"Heatwave","Summer","11-Jun",NA,NA,NA,NA,10,6.8,7.55,0.308256675,16.1,NA,0.03,0.1,0,0,0.13,NA,NA,0.000266553999999974,0.0865462824374079,0.08,160
11,"June 4 - June 11",4,"Heatwave","Summer","11-Jun",NA,0.463241593,-3.19e-07,-0.000442,10,9.8,7.4,0.313169995,16.1,1.4,0.1,0.15,0,0,0.25,0,0,0.00491332,1.59390546855149,0.12,92.3076923076923
11,"June 11 - June 18",5,"Heatwave","Heatwave","24-Jun",NA,NA,NA,NA,16,9.95,7.05,0.315431961,25.6,1.4,0.17,0.17,0,0.01,0.35,9.5,59.0062111801242,0.002261966,0.722280562031495,0.1,40
11,"June 18 - June 25",6,"Heatwave","Heatwave","24-Jun",NA,5.675480297,-5.11e-08,-7.08e-05,16,9.5,7.05,0.322948197,33.8,1.6,0.2,0.2,0,0.01,0.41,8.2,32.03125,0.00751623600000001,2.38283906810572,0.06,17.1428571428571
11,"June 25 - July 2",7,"Heatwave","Autumn warm","11-Jul",NA,NA,NA,NA,6.625,9.95,7.1,0.329309175,37.1,0.8,0.3,0.22,0,0.01,0.53,3.3,9.76331360946747,0.00636097800000002,1.96965892954034,0.12,29.2682926829268
11,"July 2 - July 10",8,"Heatwave","Autumn warm","11-Jul",NA,NA,NA,NA,6.625,9.55,7.15,0.329173841,39.1,1.6,0.35,0.23,0,0.01,0.59,2,5.39083557951482,-0.000135333999999987,-0.0410963344704826,0.0599999999999999,11.3207547169811
11,"July 10 - July 16",9,"Heatwave","Autumn warm","11-Jul",NA,1.93737434,-4.41e-08,-6.12e-05,4.75,9.45,7.05,0.332532895,39.4,1,0.4,0.25,0,0.01,0.66,0.299999999999997,0.767263427109967,0.00335905399999997,1.02044986010902,0.0700000000000001,11.864406779661
11,"July 16 - July 23",10,"Heatwave","Autumn cold","24-Jul",NA,NA,NA,NA,2.5,9.15,6.95,0.329617522,41.8,1,0.04,0.26,0,0,0.3,2.4,6.09137055837563,-0.002915373,-0.876717174100926,-0.36,-54.5454545454546
11,"July 23 - July 30",11,"Heatwave","Autumn cold","24-Jul",NA,1.815255427,-8.64e-09,-1.2e-05,0.5,9.45,6.9,0.327828087,39.5,1,0.39,0.27,0,0.01,0.67,-2.3,-5.5023923444976,-0.00178943500000001,-0.542882243984592,0.37,123.333333333333
11,"July 30 - August 6",12,"Heatwave","Autumn cold","24-Jul",NA,NA,NA,NA,-1.5,7.95,7.5,0.324639236,39.9,NA,0.38,0.27,0,0,0.65,0.399999999999999,1.0126582278481,-0.00318885099999999,-0.972720497862647,-0.02,-2.98507462686567
12,"May 13 2025 - May 21 2025",1,"Heatwave","Summer","11-Jun",NA,NA,NA,NA,10,6.05,7.4,0.306080115,NA,1.8,0.03,0.01,0,0.1,0.14,NA,NA,NA,NA,NA,NA
12,"May 21 2025 - May 28 2025",2,"Heatwave","Summer","11-Jun",NA,NA,NA,NA,10,5.8,7.65,0.312774097,NA,1.4,0.05,0.07,0.01,0.11,0.24,NA,NA,0.00669398199999999,2.18700322953028,0.1,71.4285714285714
12,"May 28 - June 4",3,"Heatwave","Summer","11-Jun",NA,NA,NA,NA,10,6.85,7.7,0.322669152,NA,1.6,0.08,0.2,0.01,0.1,0.39,NA,NA,0.00989505500000004,3.16364273605434,0.15,62.5
12,"June 4 - June 11",4,"Heatwave","Summer","11-Jun",NA,0.876998957,-3.14e-07,-0.000435,10,7.85,7.3,0.329524997,10.6,1.4,0.1,0.25,0.01,0.05,0.41,NA,NA,0.00685584499999997,2.12472898555855,0.02,5.12820512820512
12,"June 11 - June 18",5,"Heatwave","Heatwave","24-Jun",NA,NA,NA,NA,16,10,7.25,0.33380445,14.4,1.8,0.13,0.28,0.02,0.04,0.47,3.8,35.8490566037736,0.00427945299999999,1.29867325361056,0.06,14.6341463414634
12,"June 18 - June 25",6,"Heatwave","Heatwave","24-Jun",NA,3.825439326,-5.11e-08,-7.08e-05,16,9.3,6.95,0.346046964,21.2,1.4,0.15,0.35,0.03,0.01,0.54,6.8,47.2222222222222,0.012242514,3.66757063903733,0.0700000000000001,14.8936170212766
12,"June 25 - July 2",7,"Heatwave","Autumn warm","11-Jul",NA,NA,NA,NA,6.625,9.7,6.95,0.355529082,23.7,1,0.3,0.4,0.03,0.01,0.74,2.5,11.7924528301887,0.00948211799999998,2.74012460343388,0.2,37.037037037037
12,"July 2 - July 10",8,"Heatwave","Autumn warm","11-Jul",NA,NA,NA,NA,6.625,10,7.25,0.357341019,22.4,1.4,0.35,0.4,0.03,0.01,0.79,-1.3,-5.48523206751055,0.00181193699999999,0.50964522784102,0.05,6.75675675675676
12,"July 10 - July 16",9,"Heatwave","Autumn warm","11-Jul",NA,2.036064742,-4.77e-08,-6.61e-05,4.75,9.55,7.2,0.361476528,24.3,0.8,0.34,0.42,0.03,0.01,0.8,1.9,8.48214285714287,0.00413550900000004,1.15730038817627,0.01,1.26582278481013
12,"July 16 - July 23",10,"Heatwave","Autumn cold","24-Jul",NA,NA,NA,NA,2.5,10,6.55,0.356327353,24.6,0.8,0.4,0.42,0.03,0.01,0.86,0.300000000000001,1.23456790123457,-0.00514917500000001,-1.42448391559189,0.0599999999999999,7.49999999999999
12,"July 23 - July 30",11,"Heatwave","Autumn cold","24-Jul",NA,1.728260762,-7.6e-09,-1.05e-05,0.5,9.85,6.95,0.352120254,23.7,0.8,0.4,0.41,0.02,0.01,0.84,-0.900000000000002,-3.65853658536586,-0.00420709899999999,-1.1806837068722,-0.02,-2.32558139534884
12,"July 30 - August 6",12,"Heatwave","Autumn cold","24-Jul",NA,NA,NA,NA,-1.5,9.5,7.45,0.345115927,20.7,NA,0.04,0.1,0.03,0.01,0.18,-3,-12.6582278481013,-0.00700432700000003,-1.98918605801075,-0.66,-78.5714285714286
13,"May 13 2025 - May 21 2025",1,"Heatwave","Summer","11-Jun",NA,NA,NA,NA,10,5.6,7.35,0.304781094,NA,1.6,0.03,0.01,0.01,0.01,0.06,NA,NA,NA,NA,NA,NA
13,"May 21 2025 - May 28 2025",2,"Heatwave","Summer","11-Jun",NA,NA,NA,NA,10,4.4,7.8,0.312323932,NA,1.4,0.07,0.03,0,0.03,0.13,NA,NA,0.00754283800000005,2.47483789135557,0.07,116.666666666667
13,"May 28 - June 4",3,"Heatwave","Summer","11-Jun",NA,NA,NA,NA,10,5.3,7.6,0.314540914,NA,1.6,0.11,0.06,0,0.03,0.2,NA,NA,0.00221698199999998,0.70983417306618,0.07,53.8461538461539
13,"June 4 - June 11",4,"Heatwave","Summer","11-Jun",NA,1.798470178,-1.18e-07,-0.000164,10,8.6,7.1,0.318406643,14.8,1.6,0.15,0.18,0,0.02,0.35,NA,NA,0.00386572899999998,1.22900672947113,0.15,75
13,"June 11 - June 18",5,"Heatwave","Heatwave","24-Jun",NA,NA,NA,NA,16,8.4,7.3,0.319902281,19.7,1.4,0.18,0.2,0.01,0.02,0.41,4.9,33.1081081081081,0.00149563800000002,0.469725752549711,0.06,17.1428571428571
13,"June 18 - June 25",6,"Heatwave","Heatwave","24-Jun",NA,2.195310645,-1.6e-08,-2.22e-05,16,9.1,7,0.331003361,24.9,1.6,0.27,0.22,0.02,0.01,0.52,5.2,26.3959390862944,0.01110108,3.47014718535251,0.11,26.8292682926829
13,"June 25 - July 2",7,"Heatwave","Autumn warm","11-Jul",NA,NA,NA,NA,6.625,9.5,6.9,0.338623863,28.9,0.8,0.48,0.22,0.02,0.01,0.73,4,16.0642570281125,0.00762050200000003,2.30224308809965,0.21,40.3846153846154
13,"July 2 - July 10",8,"Heatwave","Autumn warm","11-Jul",NA,NA,NA,NA,6.625,8.4,7.05,0.341277884,29.2,1.4,0.52,0.22,0.02,0.01,0.77,0.300000000000001,1.03806228373703,0.00265402099999995,0.783766677424016,0.04,5.47945205479453
13,"July 10 - July 16",9,"Heatwave","Autumn warm","11-Jul",NA,1.893850637,-4.33e-08,-6e-05,4.75,7.6,7.3,0.341087796,32.6,0.8,0.55,0.2,0.01,0.01,0.77,3.4,11.6438356164384,-0.000190087999999977,-0.0556988919914826,0,0
13,"July 16 -  July 23",10,"Heatwave","Autumn cold","24-Jul",NA,NA,NA,NA,2.5,8.4,6.8,0.340038569,32.3,1,0.54,0.25,0.01,0.01,0.81,-0.300000000000004,-0.920245398773019,-0.00104922699999999,-0.307612002629372,0.04,5.1948051948052
13,"July 23 - July 30",11,"Heatwave","Autumn cold","24-Jul",NA,1.162083188,-1.44e-08,-2e-05,0.5,8.95,6.9,0.335562864,32.5,1,0.52,0.25,0.01,0.01,0.79,0.200000000000003,0.619195046439637,-0.004475705,-1.31623451220911,-0.02,-2.46913580246914
13,"July 30 - August 6",12,"Heatwave","Autumn cold","24-Jul",NA,NA,NA,NA,-1.5,8.65,7.15,0.328403782,32.9,NA,0.5,0.23,0.01,0.01,0.75,0.399999999999999,1.23076923076923,-0.00715908200000004,-2.13345479135022,-0.04,-5.06329113924051
14,"May 13 2025 - May 21 2025",1,"Control","Summer","24-Jun",NA,NA,NA,NA,10,6.05,7.45,0.305873135,NA,1.6,0.05,0,0,0.03,0.08,NA,NA,NA,NA,NA,NA
14,"May 21 2025 - May 28 2025",2,"Control","Summer","24-Jun",NA,NA,NA,NA,10,7.5,7.2,0.312437486,NA,1.4,0.18,0,0,0.03,0.21,NA,NA,0.00656435099999997,2.14610250096007,0.13,162.5
14,"May 28 - June 4",3,"Control","Summer","24-Jun",NA,NA,NA,NA,10,6.05,7.35,0.316936718,NA,1.6,0.22,0.05,0,0.03,0.3,NA,NA,0.00449923200000002,1.4400423129765,0.09,42.8571428571429
14,"June 4 - June 11",4,"Control","Summer","24-Jun",NA,NA,NA,NA,10,9.4,7,0.325754685,20.6,1.4,0.27,0.12,0,0.03,0.42,NA,NA,0.00881796699999998,2.78224847396823,0.12,40
14,"June 11 - June 18",5,"Control","Heatwave","24-Jun",NA,NA,NA,NA,10,7.75,7.15,0.329836095,22.6,1.6,0.3,0.15,0.04,0.03,0.52,2,9.70873786407767,0.00408141000000001,1.2529090717452,0.1,23.8095238095238
14,"June 18 - June 25",6,"Control","Heatwave","24-Jun",NA,2.49093693,1.97e-08,2.73e-05,10,8.85,6.95,0.332949493,40.1,1.6,0.32,0.18,0.05,0.02,0.57,17.5,77.4336283185841,0.00311339799999999,0.943922768670903,0.0499999999999999,9.6153846153846
14,"June 25 - July 2",7,"Control","Autumn warm","11-Jul",NA,NA,NA,NA,6.625,8.7,7.05,0.337490239,40.2,1,0.35,0.2,0.05,0.02,0.62,0.100000000000001,0.249376558603495,0.00454074600000004,1.36379423770441,0.05,8.77192982456141
14,"July 2 - July 10",8,"Control","Autumn warm","11-Jul",NA,NA,NA,NA,6.625,9.3,7,0.344636533,40.4,1.8,0.4,0.19,0.04,0.01,0.64,0.199999999999996,0.497512437810935,0.007146294,2.11748168515179,0.02,3.22580645161291
14,"July 10 - July 16",9,"Control","Autumn warm","11-Jul",NA,2.040642976,-5.11e-08,-7.08e-05,4.75,8.5,7.05,0.34415592,41.3,1.2,0.38,0.19,0.04,0.01,0.62,0.899999999999999,2.22772277227722,-0.000480613000000019,-0.139455035662171,-0.02,-3.125
14,"July 16 - July 23",10,"Control","Autumn cold","24-Jul",NA,NA,NA,NA,2.5,8.15,6.95,0.342454871,41.4,1.2,0.38,0.1,0.04,0.01,0.53,0.100000000000001,0.24213075060533,-0.00170104900000001,-0.494266958999284,-0.09,-14.5161290322581
14,"July 23 - July 30",11,"Control","Autumn cold","24-Jul",NA,2.112502056,-1.19e-08,-1.65e-05,0.5,9.5,6.9,0.341816432,40.7,1.2,0.38,0.08,0.01,0.03,0.5,-0.699999999999996,-1.69082125603864,-0.000638438999999991,-0.186430112130013,-0.03,-5.66037735849057
14,"July 30 - August 6",12,"Control","Autumn cold","24-Jul",NA,NA,NA,NA,-1.5,6.55,7.5,0.337037178,39.3,NA,0.38,0.08,0.01,0.01,0.48,-1.40000000000001,-3.43980343980345,-0.00477925400000001,-1.39819316819737,-0.02,-4
15,"May 13 2025 - May 21 2025",1,"Control","Summer","11-Jun",NA,NA,NA,NA,10,4.9,7.2,0.304992248,NA,1.6,0.08,0.01,0,0.02,0.11,NA,NA,NA,NA,NA,NA
15,"May 21 2025 - May 28 2025",2,"Control","Summer","11-Jun",NA,NA,NA,NA,10,4.95,7.55,0.311859658,NA,1.2,0.15,0.05,0,0.05,0.25,NA,NA,0.00686740999999996,2.2516670653216,0.14,127.272727272727
15,"May 28 - June 4",3,"Control","Summer","11-Jun",NA,NA,NA,NA,10,4.9,7.75,0.318209298,NA,1.6,0.2,0.1,0,0.06,0.36,NA,NA,0.00634963999999999,2.036056872736,0.11,44
15,"June 4 - June 11",4,"Control","Summer","11-Jun",NA,1.450364585,-8.73e-08,-0.000121,10,7,6.9,0.326824717,19.3,1.6,0.25,0.15,0,0.05,0.45,NA,NA,0.00861541900000001,2.70746928331428,0.09,25
15,"June 11 - June 18",5,"Control","Heatwave","24-Jun",NA,NA,NA,NA,10,7.2,7.05,0.331774769,35.2,1.6,0.32,0.22,0.01,0.04,0.59,15.9,82.3834196891192,0.00495005200000004,1.51458924081315,0.14,31.1111111111111
15,"June 18 - June 25",6,"Control","Heatwave","24-Jun",NA,1.762460075,1.09e-08,1.51e-05,10,6.4,7.15,0.336048259,41.3,1.8,0.37,0.25,0.04,0.03,0.69,6.09999999999999,17.3295454545454,0.00427348999999999,1.28806961809685,0.1,16.9491525423729
15,"June 25 - July 2",7,"Control","Autumn warm","11-Jul",NA,NA,NA,NA,6.625,8.2,7.15,0.340320111,46.6,1,0.4,0.25,0.04,0.03,0.72,5.3,12.8329297820823,0.00427185199999996,1.27120194364702,0.03,4.34782608695653
15,"July 2 - July 10",8,"Control","Autumn warm","11-Jul",NA,NA,NA,NA,6.625,7.45,7.1,0.34712092,47,1.8,0.43,0.2,0.03,0.02,0.68,0.399999999999999,0.858369098712443,0.00680080900000002,1.99835648267052,-0.0399999999999999,-5.55555555555555
15,"July 10 - July 16",9,"Control","Autumn warm","11-Jul",NA,1.168546879,-6.16e-08,-8.53e-05,4.75,8.2,7.15,0.349623535,47,1,0.43,0.18,0.02,0.03,0.66,0,0,0.00250261499999999,0.720963461378238,-0.02,-2.94117647058824
15,"July 16 - July 23",10,"Control","Autumn cold","24-Jul",NA,NA,NA,NA,2.5,7.5,6.9,0.346492896,47.1,1,0.4,0.16,0.02,0.02,0.6,0.100000000000001,0.212765957446812,-0.00313063899999999,-0.895431424546403,-0.06,-9.0909090909091
15,"July 23 - July 30",11,"Control","Autumn cold","24-Jul",NA,1.313734042,1e-08,1.39e-05,0.5,9.25,6.8,0.343067422,47,1,0.4,0.14,0.02,0.02,0.58,-0.100000000000001,-0.212314225053082,-0.00342547399999998,-0.988613053700236,-0.02,-3.33333333333334
15,"July 30 - August 6",12,"Control","Autumn cold","24-Jul",NA,NA,NA,NA,-1.5,7.35,7.3,0.332860116,46.4,NA,0.39,0.15,0,0,0.54,-0.600000000000001,-1.27659574468085,-0.010207306,-2.97530611927355,-0.0399999999999999,-6.89655172413792
16,"May 13 2025 - May 21 2025",-2,"Extended","Summer","24-Jun",NA,NA,NA,NA,10,4.35,7.6,0.304235774,NA,1.6,0.01,0,0,0.01,0.02,NA,NA,NA,NA,NA,NA
16,"May 21 2025 - May 28 2025",-1,"Extended","Summer","24-Jun",NA,NA,NA,NA,10,2.8,7.55,0.306665182,NA,1.4,0.02,0.01,0,0.01,0.04,NA,NA,0.00242940799999997,0.798528052128402,0.02,100
16,"May 28 - June 4",0,"Extended","Summer","24-Jun",NA,NA,NA,NA,10,5.75,7.75,0.309197462,NA,1.6,0.03,0.02,0,0.01,0.06,NA,NA,0.00253228,0.825747475955715,0.02,50
16,"June 4 - June 11",1,"Extended","Summer","24-Jun",NA,NA,NA,NA,10,8.6,7,0.30870465,18.1,1.5,0.05,0.04,0,0.02,0.11,NA,NA,-0.000492811999999954,-0.159384231944295,0.05,83.3333333333333
16,"June 11 - June 18",2,"Extended","Summer","24-Jun",NA,NA,NA,NA,10,9.1,7.05,0.312078136,24.6,1.4,0.08,0.06,0.01,0.02,0.17,6.5,35.9116022099447,0.00337348599999998,1.09278755600215,0.06,54.5454545454546
16,"June 18 - June 25",3,"Extended","Summer","24-Jun",NA,1.465884525,-8.54e-09,-1.18e-05,10,9.8,7,0.312165451,24.2,1.6,0.1,0.07,0.04,0.02,0.23,-0.400000000000002,-1.62601626016261,8.73149999999767e-05,0.0279785700847613,0.06,35.2941176470588
16,"June 25 - July 2",4,"Extended","Summer","24-Jun",NA,NA,NA,NA,10,9.85,7.45,0.31600892,25.9,1.8,0.12,0.07,0.04,0.02,0.25,1.7,7.02479338842975,0.00384346900000004,1.23122817970014,0.02,8.69565217391304
16,"July 2 - July 10",5,"Extended","Heatwave","11-Jul",NA,NA,NA,NA,10,9.45,7.6,0.315210256,27.5,1.6,0.15,0.08,0.04,0.02,0.29,1.6,6.17760617760618,-0.000798664000000004,-0.252734637996929,0.04,16
16,"July 10 - July 16",6,"Extended","Heatwave","11-Jul",NA,1.245756101,9.42e-09,1.3e-05,10,9.45,7.1,0.321590615,32.9,1.2,0.18,0.08,0.04,0.03,0.33,5.4,19.6363636363636,0.006380359,2.02415970881354,0.04,13.7931034482759
16,"July 16 -  July 23",7,"Extended","Autumn warm","24-Jul",NA,NA,NA,NA,10,9.95,6.45,0.322451896,36.4,1.4,0.22,0.07,0.03,0.03,0.35,3.5,10.6382978723404,0.000861280999999992,0.26781907177235,0.02,6.06060606060605
16,"July 23 - July 30",8,"Extended","Autumn warm","24-Jul",NA,2.094848257,-6.27e-08,-8.69e-05,10,10,6.85,0.328390153,36.2,1.4,0.28,0.1,0.03,0.02,0.43,-0.199999999999996,-0.549450549450538,0.005938257,1.84159469169318,0.08,22.8571428571429
16,"July 30 - August 6",9,"Extended","Autumn warm","07-Aug",NA,NA,NA,NA,10,9.2,7.1,0.336482462,35.7,1.2,0.38,0.11,0.02,0.01,0.52,-0.5,-1.38121546961326,0.00809230899999996,2.46423619163756,0.09,20.9302325581395
16,"August 6 - August 13",10,"Extended","Autumn cold","07-Aug",NA,1.935896413,-6.55e-09,-9.08e-06,2.5,8.6,7.25,0.343330184,37.2,1,0.43,0.11,0.02,0.01,0.57,1.5,4.20168067226891,0.006847722,2.03509031623764,0.0499999999999999,9.6153846153846
16,"August 13 - August 20",11,"Extended","Autumn cold","21-Aug",NA,NA,NA,NA,0.5,8.45,7.25,0.344443693,37.6,0.8,0.43,0.11,0.02,0.01,0.57,0.399999999999999,1.0752688172043,0.00111350900000001,0.324325984691172,0,0
16,"August 20 - August 27",12,"Extended","Autumn cold","21-Aug",NA,1.07551267,-3.3e-09,-4.57e-06,-1.5,6.2,7.55,0.342179892,36.3,NA,0.43,0.11,0.02,0.01,0.57,-1.3,-3.45744680851065,-0.00226380100000001,-0.657233982217236,0,0
17,"May 13 2025 - May 21 2025",1,"Control","Summer","24-Jun",NA,NA,NA,NA,10,5.25,7.55,0.30525304,NA,1.8,0,0.01,0,0.03,0.04,NA,NA,NA,NA,NA,NA
17,"May 21 2025 - May 28 2025",2,"Control","Summer","24-Jun",NA,NA,NA,NA,10,5.1,7.45,0.307698831,NA,1.4,0.01,0.03,0.01,0.05,0.1,NA,NA,0.00244579100000003,0.801233953312973,0.06,150
17,"May 28 - June 4",3,"Control","Summer","24-Jun",NA,NA,NA,NA,10,5.65,7.65,0.312961796,NA,1.4,0.03,0.06,0.02,0.04,0.15,NA,NA,0.00526296500000001,1.71042736265709,0.05,50
17,"June 4 - June 11",4,"Control","Summer","24-Jun",NA,NA,NA,NA,10,8.9,7,0.313672153,9.6,1.6,0.05,0.12,0.02,0.04,0.23,NA,NA,0.000710356999999995,0.226978822680323,0.08,53.3333333333333
17,"June 11 - June 18",5,"Control","Heatwave","24-Jun",NA,NA,NA,NA,10,10,7.05,0.316412604,16.3,1.4,0.08,0.13,0.03,0.04,0.28,6.7,69.7916666666667,0.00274045099999998,0.873667290446397,0.05,21.7391304347826
17,"June 18 - June 25",6,"Control","Heatwave","24-Jun",NA,1.359860406,4.58e-08,6.35e-05,10,9.7,6.85,0.319207361,16.2,1.6,0.12,0.15,0.03,0.03,0.33,-0.100000000000001,-0.613496932515346,0.00279475700000004,0.883263487190301,0.05,17.8571428571429
17,"June 25 - July 2",7,"Control","Autumn warm","11-Jul",NA,NA,NA,NA,6.625,10.2,6.8,0.32323675,18.1,1,0.18,0.16,0.03,0.03,0.4,1.9,11.7283950617284,0.00402938899999999,1.26231080241285,0.07,21.2121212121212
17,"July 2 - July 10",8,"Control","Autumn warm","11-Jul",NA,NA,NA,NA,6.625,9.55,7.05,0.325443879,17.7,1.4,0.22,0.18,0.03,0.02,0.45,-0.400000000000002,-2.20994475138123,0.00220712899999997,0.68282118292551,0.05,12.5
17,"July 10 - July 16",9,"Control","Autumn warm","11-Jul",NA,1.395396024,-7.18e-08,-9.95e-05,4.75,9.95,6.95,0.32837137,19.2,1,0.27,0.18,0.02,0.02,0.49,1.5,8.47457627118644,0.002927491,0.899537889296116,0.04,8.88888888888888
17,"July 16 - July 23",10,"Control","Autumn cold","24-Jul",NA,NA,NA,NA,2.5,9.85,6.85,0.325864088,19.7,1,0.25,0.18,0.02,0.02,0.47,0.5,2.60416666666667,-0.002507282,-0.763550732209084,-0.02,-4.08163265306123
17,"July 23 - July 30",11,"Control","Autumn cold","24-Jul",NA,0.904182545,-1.83e-08,-2.53e-05,0.5,9.6,7,0.325215152,19.2,1,0.25,0.18,0.02,0.02,0.47,-0.5,-2.53807106598985,-0.000648935999999989,-0.199143147065653,0,0
17,"July 30 - August 6",12,"Control","Autumn cold","24-Jul",NA,NA,NA,NA,-1.5,8.5,7.5,0.32322137,19.4,NA,0.23,0.18,0.02,0.02,0.45,0.199999999999999,1.04166666666666,-0.001993782,-0.613065531460846,-0.02,-4.25531914893616
18,"May 13 2025 - May 21 2025",-2,"Extended","Summer","24-Jun",NA,NA,NA,NA,10,5.1,7.3,0.303899347,NA,1.6,0.04,0.01,0,0.03,0.08,NA,NA,NA,NA,NA,NA
18,"May 21 2025 - May 28 2025",-1,"Extended","Summer","24-Jun",NA,NA,NA,NA,10,4.9,7.7,0.310330057,NA,1.4,0.1,0.02,0,0.03,0.15,NA,NA,0.00643071000000001,2.11606575120413,0.07,87.5
18,"May 28 - June 4",0,"Extended","Summer","24-Jun",NA,NA,NA,NA,10,4.3,7.65,0.312753636,NA,1.6,0.15,0.08,0,0.02,0.25,NA,NA,0.00242357900000001,0.780968180597476,0.1,66.6666666666667
18,"June 4 - June 11",1,"Extended","Summer","24-Jun",NA,NA,NA,NA,10,NA,7,0.317374172,15.7,1.4,0.2,0.18,0,0.02,0.4,NA,NA,0.00462053600000001,1.47737243253025,0.15,60
18,"June 11 - June 18",2,"Extended","Summer","24-Jun",NA,NA,NA,NA,10,8.9,7.05,0.320270578,23.6,1.6,0.27,0.2,0,0.02,0.49,7.9,50.3184713375796,0.00289640599999996,0.91261553570905,0.09,22.5
18,"June 18 - June 25",3,"Extended","Summer","24-Jun",NA,1.448485433,1.71e-08,2.37e-05,10,8.45,6.95,0.32204688,22.3,1.4,0.38,0.25,0,0.01,0.64,-1.3,-5.50847457627119,0.00177630200000001,0.554625408019842,0.15,30.6122448979592
18,"June 25 - July 2",4,"Extended","Summer","24-Jun",NA,NA,NA,NA,10,8.95,6.95,0.326915987,23.1,1.4,0.42,0.25,0,0.01,0.68,0.800000000000001,3.58744394618834,0.00486910700000004,1.51192490981438,0.04,6.25
18,"July 2 - July 10",5,"Extended","Heatwave","11-Jul",NA,NA,NA,NA,10,9.25,6.75,0.336507369,24.9,1.6,0.62,0.27,0,0.01,0.9,1.8,7.79220779220778,0.00959138199999998,2.93389812104845,0.22,32.3529411764706
18,"July 10 - July 16",6,"Extended","Heatwave","11-Jul",NA,2.204635221,2.7e-09,3.75e-06,10,8.85,6.95,0.353258772,26.3,1.6,0.7,0.25,0,0.01,0.96,1.4,5.62248995983937,0.016751403,4.97801966411024,0.0599999999999999,6.66666666666666
18,"July 16 - July 23",7,"Extended","Autumn warm","24-Jul",NA,NA,NA,NA,10,9.5,6.6,0.3631243,27.8,1.6,0.78,0.1,0,0.01,0.89,1.5,5.70342205323194,0.00986552800000001,2.79271989316659,-0.07,-7.29166666666666
18,"July 23 - July 30",8,"Extended","Autumn warm","24-Jul",NA,3.009630826,5.28e-10,7.32e-07,10,9.65,6.8,0.376438376,28.9,1.6,0.78,0.1,0,0.01,0.89,1.1,3.95683453237409,0.013314076,3.66653402154579,0,0
18,"July 30 - August 6",9,"Extended","Autumn warm","07-Aug",NA,NA,NA,NA,10,7.5,7.15,0.384319818,30.9,1.4,0.85,0.1,0,0.01,0.96,2,6.9204152249135,0.00788144199999996,2.09368717497601,0.07,7.86516853932584
18,"August 6 - August 13",10,"Extended","Autumn cold","07-Aug",NA,1.657561427,-1.14e-08,-1.58e-05,2.5,6.85,7.25,0.384799631,34.6,1,0.9,0.12,0,0.01,1.03,3.7,11.9741100323625,0.000479812999999996,0.12484732182091,0.0700000000000001,7.29166666666667
18,"August 13 - August 20",11,"Extended","Autumn cold","21-Aug",NA,NA,NA,NA,0.5,7.45,7.25,0.381777981,36.5,1,0.9,0.1,0,0.01,1.01,1.9,5.49132947976878,-0.00302164999999999,-0.785252832012198,-0.02,-1.94174757281554
18,"August 20 - August 27",12,"Extended","Autumn cold","21-Aug",NA,0.995349786,8.7e-09,1.21e-05,-1.5,4.95,7.05,0.36890581,36.7,NA,0.9,0.08,0,0.01,0.99,0.200000000000003,0.54794520547946,-0.012872171,-3.37163787347914,-0.02,-1.98019801980198
19,"May 13 2025 - May 21 2025",1,"Heatwave","Summer","11-Jun",NA,NA,NA,NA,10,5.05,7.7,0.305685198,NA,1.6,0.05,0.02,0,0.04,0.11,NA,NA,NA,NA,NA,NA
19,"May 21 2025 - May 28 2025",2,"Heatwave","Summer","11-Jun",NA,NA,NA,NA,10,5.8,7.5,0.309934079,NA,1.2,0.08,0.03,0.02,0.05,0.18,NA,NA,0.00424888099999998,1.3899531373449,0.07,63.6363636363636
19,"May 28 - June 4",3,"Heatwave","Summer","11-Jun",NA,NA,NA,NA,10,6,7.5,0.311183316,NA,1.6,0.11,0.06,0.05,0.05,0.27,NA,NA,0.00124923700000001,0.403065388624145,0.09,50
19,"June 4 - June 11",4,"Heatwave","Summer","11-Jun",NA,1.034548516,-7.43e-08,-0.000103,10,6.75,7.25,0.312935946,9.2,1.6,0.12,0.08,0.07,0.04,0.31,NA,NA,0.00175263000000003,0.563214642265729,0.04,14.8148148148148
19,"June 11 - June 18",5,"Heatwave","Heatwave","24-Jun",NA,NA,NA,NA,16,8.35,7.1,0.316314856,43.8,1.4,0.18,0.1,0.1,0.02,0.4,34.6,376.086956521739,0.00337890999999996,1.07974492645851,0.09,29.0322580645161
19,"June 18 - June 25",6,"Heatwave","Heatwave","24-Jun",NA,2.125364002,-4.76e-08,-6.59e-05,16,7.75,6.95,0.323161201,46.6,1.4,0.22,0.18,0.13,0.03,0.56,2.8,6.39269406392695,0.00684634500000003,2.16440830082291,0.16,40
19,"June 25 - July 2",7,"Heatwave","Autumn warm","11-Jul",NA,NA,NA,NA,6.625,9.85,6.8,0.327201663,56,1,0.22,0.25,0.15,0.02,0.64,9.4,20.1716738197425,0.00404046199999997,1.25029303873641,0.08,14.2857142857143
19,"July 2 - July 10",8,"Heatwave","Autumn warm","11-Jul",NA,NA,NA,NA,6.625,8.45,7.15,0.323481392,57.8,1.8,0.22,0.25,0.15,0.02,0.64,1.8,3.21428571428571,-0.003720271,-1.13699636055945,0,0
19,"July 10 - July 16",9,"Heatwave","Autumn warm","11-Jul",NA,1.216622242,-6.39e-08,-8.86e-05,4.75,9.45,7.05,0.323340178,58.2,0.8,0.22,0.27,0.16,0.02,0.67,0.400000000000006,0.692041522491359,-0.000141214000000001,-0.0436544430351656,0.03,4.6875
19,"July 16 -  July 23",10,"Heatwave","Autumn cold","24-Jul",NA,NA,NA,NA,2.5,8.6,6.9,0.31803192,57.1,1.2,0.22,0.27,0.16,0.02,0.67,-1.1,-1.89003436426117,-0.00530825799999995,-1.64169452520062,0,0
19,"July 23 - July 30",11,"Heatwave","Autumn cold","24-Jul",NA,1.216655323,4.7e-08,6.51e-05,0.5,9.3,7.05,0.319049267,57.3,1.2,0.25,0.27,0.16,0.02,0.7,0.199999999999996,0.35026269702276,0.001017347,0.319888330705925,0.0299999999999999,4.47761194029849
19,"July 30 - August 6",12,"Heatwave","Autumn cold","24-Jul",NA,NA,NA,NA,-1.5,8.95,7.25,0.316805814,58.6,NA,0.3,0.27,0.16,0.02,0.75,1.3,2.26876090750437,-0.00224345300000001,-0.703168203799699,0.05,7.14285714285715
20,"May 13 2025 - May 21 2025",1,"Control","Summer","24-Jun",NA,NA,NA,NA,10,5.05,7.5,0.306659172,NA,1.8,0.08,0.01,0,0.08,0.17,NA,NA,NA,NA,NA,NA
20,"May 21 2025 - May 28 2025",2,"Control","Summer","24-Jun",NA,NA,NA,NA,10,5.9,7.35,0.314854783,NA,1.4,0.12,0.05,0.01,0.1,0.28,NA,NA,0.00819561100000005,2.6725471625548,0.11,64.7058823529412
20,"May 28 - June 4",3,"Control","Summer","24-Jun",NA,NA,NA,NA,10,6.6,7.35,0.31751081,NA,1.8,0.17,0.1,0.03,0.11,0.41,NA,NA,0.00265602699999995,0.843572066681912,0.13,46.4285714285714
20,"June 4 - June 11",4,"Control","Summer","24-Jun",NA,NA,NA,NA,10,8.3,7.1,0.321142605,10.1,1.4,0.2,0.15,0.06,0.11,0.52,NA,NA,0.00363179500000005,1.14383349656664,0.11,26.8292682926829
20,"June 11 - June 18",5,"Control","Heatwave","24-Jun",NA,NA,NA,NA,10,9,7.15,0.323433698,18.4,1.4,0.27,0.2,0.06,0.09,0.62,8.3,82.1782178217822,0.00229109299999997,0.71341919892565,0.1,19.2307692307692
20,"June 18 - June 25",6,"Control","Heatwave","24-Jun",NA,1.366173288,1.55e-08,2.15e-05,10,9.05,7.85,0.324081408,21.2,1.6,0.35,0.25,0.06,0.09,0.75,2.8,15.2173913043478,0.000647710000000024,0.200260518308771,0.13,20.9677419354839
20,"June 25 - July 2",7,"Control","Autumn warm","11-Jul",NA,NA,NA,NA,6.625,9.8,7.05,0.327127019,21.9,1,0.38,0.27,0.05,0.08,0.78,0.699999999999999,3.30188679245283,0.003045611,0.939767269833635,0.03,4
20,"July 2 - July 10",8,"Control","Autumn warm","11-Jul",NA,NA,NA,NA,6.625,8.95,7.15,0.328882673,22.2,1.6,0.4,0.27,0.05,0.07,0.79,0.300000000000001,1.36986301369863,0.001755654,0.536688777761887,0.01,1.28205128205128
20,"July 10 - July 16",9,"Control","Autumn warm","11-Jul",NA,1.749515684,-3.65e-08,-5.06e-05,4.75,9.1,6.95,0.331127873,22.3,1.2,0.45,0.3,0.04,0.05,0.84,0.100000000000001,0.450450450450457,0.0022452,0.682675064490248,0.0499999999999999,6.32911392405062
20,"July 16 - July 23",10,"Control","Autumn cold","11-Jul",NA,NA,NA,NA,2.5,9,6.95,0.329241988,21.8,1.2,0.42,0.3,0.01,0.05,0.78,-0.5,-2.24215246636771,-0.00188588500000003,-0.56953375229757,-0.0599999999999999,-7.14285714285714
20,"July 23 - July 30",11,"Control","Autumn cold","11-Jul",NA,NA,NA,NA,0.5,9.75,7.05,0.327343938,21.9,1.2,0.42,0.3,0.01,0.03,0.76,0.0999999999999979,0.458715596330265,-0.00189804999999998,-0.57649086968822,-0.02,-2.56410256410257
20,"July 30 - August 6",12,"Control","Autumn cold","11-Jul",NA,NA,NA,NA,-1.5,8.5,7.35,0.322892534,21.7,NA,0.38,0.28,0.01,0.01,0.68,-0.199999999999999,-0.913242009132417,-0.00445140399999999,-1.35985533356661,-0.08,-10.5263157894737
21,"May 13 2025 - May 21 2025",1,"Heatwave","Summer","11-Jun",NA,NA,NA,NA,10,4.2,7.5,0.306676641,NA,1.4,0.03,0,0,0.03,0.06,NA,NA,NA,NA,NA,NA
21,"May 21 2025 - May 28 2025",2,"Heatwave","Summer","11-Jun",NA,NA,NA,NA,10,4.7,7.5,0.312587113,NA,1.1,0.05,0.05,0,0.04,0.14,NA,NA,0.005910472,1.92726514178822,0.08,133.333333333333
21,"May 28 - June 4",3,"Heatwave","Summer","11-Jun",NA,NA,NA,NA,10,6.4,7.75,0.315498259,NA,1.4,0.1,0.12,0,0.04,0.26,NA,NA,0.00291114599999998,0.931307107340658,0.12,85.7142857142857
21,"June 4 - June 11",4,"Heatwave","Summer","11-Jun",NA,1.373873228,-3.16e-08,-4.38e-05,10,8.5,7,0.320728129,13.6,1.6,0.15,0.2,0.02,0.04,0.41,NA,NA,0.00522986999999997,1.65765415523259,0.15,57.6923076923077
21,"June 11 - June 18",5,"Heatwave","Heatwave","24-Jun",NA,NA,NA,NA,16,8.7,6.95,0.324364773,19,1.8,0.18,0.25,0.02,0.03,0.48,5.4,39.7058823529412,0.00363664400000002,1.13387123584661,0.07,17.0731707317073
21,"June 18 - June 25",6,"Heatwave","Heatwave","24-Jun",NA,3.772613657,-1.89e-08,-2.62e-05,16,9.4,6.95,0.334714686,24.7,1.6,0.27,0.35,0.02,0.02,0.66,5.7,30,0.010349913,3.19082522564804,0.18,37.5
21,"June 25 - July 2",7,"Heatwave","Autumn warm","11-Jul",NA,NA,NA,NA,6.625,8.2,7.3,0.339524412,28.2,1,0.38,0.37,0.02,0.01,0.78,3.5,14.17004048583,0.00480972600000001,1.43696294222358,0.12,18.1818181818182
21,"July 2 - July 10",8,"Heatwave","Autumn warm","11-Jul",NA,NA,NA,NA,6.625,8.9,7.1,0.340517571,29.3,1.8,0.38,0.37,0.05,0.01,0.81,1.1,3.90070921985816,0.000993159000000021,0.29251475443245,0.03,3.84615384615385
21,"July 10 - July 16",9,"Heatwave","Autumn warm","11-Jul",NA,1.607966569,-3.86e-08,-5.35e-05,4.75,8.6,7.1,0.342184634,30.3,1,0.4,0.38,0.05,0.01,0.84,1,3.41296928327645,0.00166706299999997,0.489567394453183,0.0299999999999999,3.70370370370369
21,"July 16 - July 23",10,"Heatwave","Autumn cold","24-Jul",NA,NA,NA,NA,2.5,8.45,7.15,0.34190542,30.9,1,0.42,0.38,0.05,0.01,0.86,0.599999999999998,1.98019801980197,-0.000279213999999972,-0.081597468809769,0.02,2.38095238095238
21,"July 23 - July 30",11,"Heatwave","Autumn cold","24-Jul",NA,1.46181695,2.24e-08,3.1e-05,0.5,8.8,7.2,0.340344065,30.7,1,0.42,0.38,0.05,0.01,0.86,-0.199999999999999,-0.647249190938509,-0.00156135500000004,-0.456662839682402,0,0
21,"July 30 - August 6",12,"Heatwave","Autumn cold","24-Jul",NA,NA,NA,NA,-1.5,7.95,7.35,0.337642868,31.2,NA,0.42,0.3,0.05,0.01,0.78,0.5,1.62866449511401,-0.00270119699999999,-0.793666550348098,-0.08,-9.30232558139534
